{
  "id": "",
  "name": "",
  "font_family": "iconfont",
  "css_prefix_text": "icon-",
  "description": "",
  "glyphs": [
    {
      "icon_id": "2985983",
      "name": "左右",
      "font_class": "zuoyou",
      "unicode": "e751",
      "unicode_decimal": 59217
    },
    {
      "icon_id": "5828191",
      "name": "左右",
      "font_class": "zuoyou1",
      "unicode": "e534",
      "unicode_decimal": 58676
    },
    {
      "icon_id": "8760320",
      "name": "反馈",
      "font_class": "fankui",
      "unicode": "e631",
      "unicode_decimal": 58929
    },
    {
      "icon_id": "11778708",
      "name": "顶部",
      "font_class": "dingbu",
      "unicode": "e61f",
      "unicode_decimal": 58911
    },
    {
      "icon_id": "13184568",
      "name": "搜索",
      "font_class": "sousuo",
      "unicode": "e65c",
      "unicode_decimal": 58972
    },
    {
      "icon_id": "13474003",
      "name": "kefu",
      "font_class": "kefu",
      "unicode": "e651",
      "unicode_decimal": 58961
    }
  ]
}
